team_id,name,short_name,state,stadium_name,stadium_capacity,latitude,longitude
51,Atlético Mineiro,Mineiro,MG,Arena MRV,44892,-19.8659,-43.9711
52,SE Palmeiras,Palmeiras,SP,,,-23.5275,-46.6781
53,Corinthians,Corinthians,SP,Neo Química Arena,49205,-23.5453,-46.4744
54,RB Bragantino,Bragantino,SP,,,-22.9529,-46.5422
55,SC Internacional,Internacional,RS,Beira-RIo,50982,,
56,Athletico Paranaense,Paranaense,PR,Arena da Baixada,42372,-25.4484,-49.277
57,EC Vitória,Vitória,BA,,,-12.9782,-38.4947
58,Remo,Clube do Remo,PA,Estádio Evandro Almeida,13792,,
59,Fluminense FC,Fluminense,RJ,,,-22.9121,-43.2302
60,Grêmio ,Grêmio,RS,Arena do Grêmio,55662,-29.9733,-51.1951
61,Chapecoense AFs,Chapecoense,SC,,,-27.0838,-52.6219
62,Santos FC,Santos,SP,,,-23.9554,-46.3359
63,EC Bahia,Bahia,BA,Arena Fonte Nova,48902,-12.9786,-38.5043
64,São Paulo FC,São Paulo,SP,,,-23.6003,-46.7222
65,Flamengo,Flamengo,RJ, Maracanã ,78838,-22.9121,-43.2302
66,Mirassol,Mirassol,SP,Maião,15000,-20.8219,-49.5138
67,CR Vasco da Gama,Vasco da Gama,RJ,,,-22.8912,-43.2281
68,Botafogo,Botafogo,RJ,Estádio Olímpico Nilton Santos,44661,-22.8914,-43.2912
69,Cruzeiro EC,Cruzeiro,,,,-19.8659,-43.9711
70,Coritiba,,PR,Estádio Major Antônio Couto Pereira,40502,-25.4337,-49.2678
71,Cuiabá EC,Cuiabá EC,,,,-15.6035,-56.1155
72,America Mineiro,América (MG),MG,Arena Independência,23018,,
73,Fortaleza EC,Fortaleza,,,,-3.8072,-38.5224
74,Goiás EC,Goiás,GO,Estádio Hailé Pinheiro,15000,,
75,Criciúma EC,Criciúma,,,,-28.6979,-49.3724
76,EC Juventude,Juventude,RS,Alfredo Jaconi,19924,,
77,Atlético Goianiense,AC Goianiense,GO,Castelo do Dragão,12000,,
82,Ceara,,,,,-3.8072,-38.5224
89,Avai,,,,,-27.6401,-48.6656
98,Vila Nova,,,,,-16.6919,-49.278
99,Brusque,,,,,-27.0988,-48.9083
100,Guarani Campinas,,,,,-22.9275,-47.0823
102,Ituano,,,,,-23.2556,-47.2905
103,Ponte Preta,,,,,-22.899,-47.0624
104,Sport Recife,,,,,-8.0724,-34.9011
105,Sampaio Correa,,,,,-2.524,-44.267
106,Tombense,,,,,-19.7159,-43.7725
107,Operario-PR,,,,,-25.0925,-50.1542
108,Londrina,,,,,-23.2937,-51.1609
109,Nautico Recife,,,,,-8.0398,-34.8911
110,Novorizontino,,,,,-21.4645,-49.2195
111,CSA,,,,,-9.6306,-35.7401
112,CRB,,,,,-9.6306,-35.7401
113,Botafogo SP,,,,,-20.5269,-47.3963
114,ABC FC,,RN,Frasqueirão,18000,,
115,Paysandu,,,,,-1.4264,-48.4841
116,Amazonas FC,,AM,Arena da Amazônia,44300,,
117,Joinville,,SC,Arena Joinville,17515,,
118,Caxias,,RS,Centenário,30822,,
119,São Bernardo,,RS,Primeiro de Maio,15000,,
121,Athletic Club,,MG,Estádio Joaquim Portugal,3000,,
123,Volta Redonda FC,,RJ,Raulino de Oliveira,18230,,
124,Ferroviária,,SP,Arena Fonte Luminosa,20000,,
125,Sampaio Corrêa RJ,,,,,,
126,Desportiva ES,,,,,,
127,Porto BA,,,,,,
128,Serra Branca,,,,,,
129,Maguary PE,,,,,,
130,Laguna,,,,,,
131,Baré,,,,,,
132,Madureira,,,,,,
133,Araguaína,,,,,,
134,Primavera SP,,,,,,
135,Gama,,,,,,
136,Monte Roraima,,,,,,
137,Betim,,,,,,
138,Piauí,,,,,,
139,América SE,,,,,,
140,Tirol/CEFAT,,,,,,
141,Santa Catarina,,,,,,
142,IAPE,,,,,,
143,Ji-Paraná,,,,,,
144,Pantanal,,,,,,
145,Ivinhema,,,,,,
146,Independente AP,,,,,,
147,Galvez,,,,,,
148,Guaporé,,,,,,
149,Primavera MG,,,,,,
150,Bragantino PA,,,,,,
151,Vasco da Gama AC,,,,,,
152,Velo Clube,,,,,,
153,Boavista SC,,,,,,
154,Maringá,,,,,,
155,America-RN,,,,,,
156,GAS,,,,,,
157,Juazeirense,,,,,,
158,Capital Brasilia,,,,,,
159,Castanhal,,,,,,
160,Nacional AM,,,,,,
161,Penedense,,,,,,
162,Oratório,,,,,,
163,São Luiz,,,,,,
164,Maranhão,,,,,,
165,Retrô,,,,,,
166,Uberlandia,,,,,,
167,Imperatriz,,,,,,
168,Anápolis,,,,,,
169,Cianorte,,,,,,
170,Ceilândia,,,,,,
171,Jacuipense,,,,,,
172,ASA,,,,,,
173,Operario Ferroviario,,,,,,
174,Ypiranga-RS,,,,,,
175,Guarany de Bagé,,,,,,
176,Atlético Alagoinhas,,,,,,
177,Águia de Marabá,,,,,,
178,Independência,,,,,,
179,Mixto,,,,,,
180,Botafogo PB,,,,,,
181,CEOV Operário,,,,,,
182,Porto Velho,,,,,,
183,Portuguesa,,,,,,
184,Altos,,,,,,
185,Figueirense,,,,,,
186,Azuriz,,,,,,
187,Nova Iguaçu,,,,,,
188,Lagarto,,,,,,
189,Tuna Luso,,,,,,
190,Tocantinópolis,,,,,,
191,Porto Vitória,,,,,,
192,Capital,,,,,,
193,Manaus FC,,,,,,
194,Rio Branco ES,,,,,,
195,Manauara,,,,,,
196,AO Itabaiana,,,,,,
197,Trem,,,,,,
198,Fluminense PI,,,,,,
199,Portuguesa RJ,,,,,,
200,Maracanã,,,,,,
201,Santa Cruz,,,,,,
202,Sousa,,,,,,
203,Confiança,,,,,,
204,Barra,,,,,,
205,União Rondonópolis,,,,,,
206,Santa Cruz RN,,,,,,
207,Sao Raimundo,,,,,,
208,Sergipe,,,,,,
209,Rio Branco-VN,,,,,,
210,Olaria,,,,,,
211,Barcelona BA,,,,,,
212,Pouso Alegre,,,,,,
213,Dourados Atlético,,,,,,
214,CSE,,,,,,
215,Cascavel,,,,,,
216,Votuporanguense,,,,,,
217,Aparecidense,,,,,,
218,Jequié,,,,,,
219,Parnahyba,,,,,,
220,Barcelona RO,,,,,,
221,Sao Jose,,,,,,
222,Ferroviario,,,,,,
223,União Carmolandense,,,,,,
224,Humaitá,,,,,,
225,Concórdia,,,,,,
226,Inter De Limeira,,,,,,
227,Sportivo Luqueno,,,,,,
228,Sportivo Ameliano,,,,,,
229,U. Catolica,,,,,,
230,Palestino,,,,,,
231,Universitario de Vinto,,,,,,
232,Nacional Potosí,,,,,,
233,ADT,,,,,,
234,Cienciano,,,,,,
235,Union Espanola,,,,,,
236,Everton de Vina,,,,,,
237,Racing Montevideo,,,,,,
238,Wanderers,,,,,,
239,Puerto Cabello,,,,,,
240,Metropolitanos FC,,,,,,
241,Aurora,,,,,,
242,Gualberto Villarroel SJ,,,,,,
243,Once Caldas,,,,,,
244,Millonarios,,,,,,
245,Mushuc Runa SC,,,,,,
246,Orense SC,,,,,,
247,Club Guarani,,,,,,
248,2 de Mayo,,,,,,
249,Cerro Largo,,,,,,
250,Danubio,,,,,,
251,Junior,,,,,,
252,America de Cali,,,,,,
253,Atletico Grau,,,,,,
254,Cusco,,,,,,
255,Deportivo La Guaira,,,,,,
256,Caracas FC,,,,,,
257,Universidad Catolica,,,,,,
258,Aucas,,,,,,
259,Union Santa Fe,,,,,,
260,Deportes Iquique,,,,,,
261,Boston River,,,,,,
262,Independiente,,,,,,
263,Huracan,,,,,,
264,FBC Melgar,,,,,,
265,Godoy Cruz,,,,,,
266,Lanus,,,,,,
267,Defensa Y Justicia,,,,,,
268,Central Cordoba de Santiago,,,,,,
269,Independiente del Valle,,,,,,
270,Bolívar,,,,,,
271,Alianza Lima,,,,,,
272,San Antonio Bulo Bulo,,,,,,
273,Universidad de Chile,,,,,,
274,Bucaramanga,,,,,,
275,Atletico Torque,,TO,Estadio Charrúa,60235,,
276,Defensor Sporting,,,,,,
277,Independiente Petrolero,,,,,,
278,Guabirá,,,,,,
279,Cobresal,,,,,,
280,A. Italiano,,,,,,
281,Monagas SC,,,,,,
282,Alianza Atletico,,,,,,
283,Deportivo Garcilaso,,,,,,
284,Blooming,,,,,,
285,Atletico Nacional,,,,,,
286,Sportivo Trinidense,,,,,,
287,Olimpia,,,,,,
288,Deportivo Cuenca,,Azuay,Alejandro Serrano Aguilar,16,,
289,Libertad,,,,,,
290,Nacional Asuncion,,,,,,
291,Deportivo Recoleta,,,,,,
292,Macara,,,,,,
293,Barracas Central,,,,,,
294,Racing Club,,,,,,
295,O'Higgins,,,,,,
296,Tigre,,,,,,
297,Deportivo Riestra,,,,,,
298,San Lorenzo,,,,,,
299,River Plate,,,,,,
300,Juventud,,,,,,
301,Carabobo FC,,,,,,
302,The Strongest,,,,,,
303,Deportivo Tachira FC,,,,,,
304,Huachipato,,,,,,
305,Sporting Cristal,,,,,,
306,Liverpool Montevideo,,,,,,
307,Independiente Medellin,,,,,,
308,Barcelona SC,,,,,,
309,Argentinos JRS,,,,,,
310,Deportes Tolima,,,,,,
311,Independ. Rivadavia,,,,,,
313,Always Ready,,,,,,
314,LDU de Quito,,,,,,
315,Boca Juniors,,,,,,
316,Universitario,,,,,,
317,Coquimbo Unido,,,,,,
318,Club Nacional,,,,,,
319,Estudiantes L.P.,,,,,,
320,Cerro Porteno,,,,,,
321,Rosario Central,,,,,,
322,UCV,,,,,,
323,Libertad Asuncion,,,,,,
324,Platense,,,,,,
325,Santa Fe,,,,,,
326,Penarol,,,,,,
327,Uniao Trabalhadores,,,,,,
328,Salgueiro,,,,,,
329,Tuntum,,,,,,
330,Bahia de Feira,,,,,,
331,Glória,,,,,,
332,Brasil DE Pelotas,,,,,,
333,Brasiliense,,,,,,
334,Oeste,,,,,,
335,São Raimundo AM,,,,,,
336,Campinense,,,,,,
337,Moto Club,,,,,,
338,Parana,,,,,,
339,Icasa,,,,,,
340,CFRJ / Maricá,,,,,,
341,Real Noroeste,,,,,,
342,Rio Branco,,,,,,
343,Grêmio Anápolis,,,,,,
344,Costa Rica ,,,,,,
345,Nova Venécia,,,,,,
346,Globo,,,,,,
347,Marcílio Dias,,,,,,
348,Falcon,,,,,,
349,Nova Mutum EC,,,,,,
350,Caucaia,,,,,,
351,Marília,,,,,,
352,São Francisco,,,,,,
353,Vitória ES,,,,,,
354,Resende,,,,,,
355,Democrata GV,,,,,,
356,Cordino,,,,,,
357,Camboriú,,,,,,
358,Princesa Solimões,,,,,,
359,Caldense,,,,,,
360,Real Desportivo Ariquemes,,,,,,
361,Iguatu,,,,,,
362,Real FC,,,,,,
363,River AC,,,,,,
364,Treze,,,,,,
365,Audax Rio,,,,,,
366,Murici Fc,,,,,,
367,Petrolina,,,,,,
368,Itabuna,,,,,,
369,Villa Nova,,,,,,
370,Água Santa,,,,,,
371,Portuguesa Santista,,,,,,
372,SOL DE America,,,,,,
373,General Caballero,,,,,,
374,Estudiantes de Merida FC,,,,,,
375,Royal Pari,,,,,,
376,Oriente Petrolero,,,,,,
377,Nublense,,,,,,
378,Union La Calera,,,,,,
379,CA River Plate,,,,,,
380,Ayacucho FC,,,,,,
381,Sport Boys,,,,,,
382,Guairena FC,,,,,,
383,Antofagasta,,,,,,
384,CD Hermanos Colmenarez,,,,,,
385,Internacional de Bogota,,,,,,
386,Delfin SC,,,,,,
387,9 de Octubre,,,,,,
388,Jorge Wilstermann,,,,,,
389,Banfield,,,,,,
390,Colo Colo,,,,,,
391,Deportivo Cali,,,,,,
392,Tacuary,,,,,,
393,Atlético Palmaflor,,,,,,
394,Águilas Doradas,,,,,,
395,Cesar Vallejo,,,,,,
396,Deportivo Binacional,,,,,,
397,Emelec,,,,,,
398,Newells Old Boys,,,,,,
399,Gimnasia L.P.,,,,,,
400,Magallanes,,,,,,
401,Patronato,,,,,,
402,Real Tomayapo,,,,,,
403,Alianza Valledupar,,,,,,
404,Rayo Zuliano,,,,,,
405,Sport Huancayo,,,,,,
406,Tecnico Universitario,,,,,,
407,Belgrano Cordoba,,,,,,
408,Deportivo Lara,,,,,,
409,Plaza Colonia,,,,,,
410,Colon Santa Fe,,,,,,
411,Talleres Cordoba,,,,,,
412,Velez Sarsfield,,,,,,
413,El Nacional,,,,,,
414,Zamora FC,,,,,,
415,Curico Unido,,,,,,
416,Deportivo Maldonado,,,,,,
417,Deportivo Pereira,,,,,,
418,Portuguesa FC,,,,,,
419,Qatar,,,,,,
420,Ecuador,,,,,,
421,England,,,,,,
422,Iran,,,,,,
423,Senegal,,,,,,
424,Netherlands,,,,,,
425,USA,,,,,,
426,Wales,,,,,,
427,Argentina,,,,,,
428,Saudi Arabia,,,,,,
429,Denmark,,,,,,
430,Tunisia,,,,,,
431,Mexico,,,,,,
432,Poland,,,,,,
433,France,,,,,,
434,Australia,,,,,,
435,Morocco,,,,,,
436,Croatia,,,,,,
437,Germany,,,,,,
438,Japan,,,,,,
439,Spain,,,,,,
440,Costa Rica,,,,,,
441,Belgium,,,,,,
442,Canada,,,,,,
443,Switzerland,,,,,,
444,Cameroon,,,,,,
445,Uruguay,,,,,,
446,South Korea,,,,,,
447,Portugal,,,,,,
448,Ghana,,,,,,
449,Brazil,,,,,,
450,Serbia,,,,,,
451,South Africa,,,,,,
452,Czech Republic,,,,,,
453,Bosnia & Herzegovina,,,,,,
454,Paraguay,,,,,,
455,Haiti,,,,,,
456,Scotland,,,,,,
457,Türkiye,,,,,,
458,Curaçao,,,,,,
459,Ivory Coast,,,,,,
460,Sweden,,,,,,
461,Cape Verde Islands,,,,,,
462,Egypt,,,,,,
463,New Zealand,,,,,,
464,Iraq,,,,,,
465,Norway,,,,,,
466,Algeria,,,,,,
467,Austria,,,,,,
468,Jordan,,,,,,
469,Congo DR,,,,,,
470,Panama,,,,,,
471,Uzbekistan,,,,,,
472,Colombia,,,,,,
473,La Fiorita,,,,,,
474,Inter Club d'Escaldes,,,,,,
475,FC Levadia Tallinn,,,,,,
476,Vikingur Reykjavik,,,,,,
477,Pyunik Yerevan,,,,,,
478,CFR 1907 Cluj,,,,,,
479,Malmo FF,,,,,,
480,Ludogorets,,,,,,
481,Sutjeska,,,,,,
482,Lech Poznan,,,,,,
483,Qarabag,,,,,,
484,The New Saints,,,,,,
485,Linfield,,,,,,
486,Ballkani,,,,,,
487,FK Zalgiris Vilnius,,,,,,
488,Shamrock Rovers,,,,,,
489,Hibernians,,,,,,
490,Shkupi 1927,,,,,,
491,Lincoln Red Imps FC,,,,,,
492,FK Tobol Kostanay,,,,,,
493,Ferencvarosi TC,,,,,,
494,Bodo/Glimt,,,,,,
495,KI Klaksvik,,,,,,
496,HJK Helsinki,,,,,,
497,Rīgas FS,,,,,,
498,F91 Dudelange,,,,,,
499,Tirana,,,,,,
500,Zrinjski,,,,,,
501,Sheriff Tiraspol,,,,,,
502,Maribor,,,,,,
503,Shakhter Soligorsk,,,,,,
504,Slovan Bratislava,,,,,,
505,Dinamo Batumi,,,,,,
506,FC Zurich,,,,,,
507,FC Midtjylland,,,,,,
508,AEK Larnaca,,,,,,
509,Dinamo Zagreb,,,,,,
510,Plzen,,,,,,
511,Maccabi Haifa,,,,,,
512,Olympiakos Piraeus,,,,,,
513,Dynamo Kyiv,,,,,,
514,Fenerbahçe,,,,,,
515,Monaco,,,,,,
516,PSV Eindhoven,,,,,,
517,Union St. Gilloise,,,,,,
518,Rangers,,,,,,
519,Benfica,,,,,,
520,Apollon Limassol,,,,,,
521,Sturm Graz,,,,,,
522,FK Crvena Zvezda,,,,,,
523,FC Copenhagen,,,,,,
524,Trabzonspor,,,,,,
525,Borussia Dortmund,,,,,,
526,Chelsea,,,,,,
527,Paris Saint Germain,,,,,,
528,Juventus,,,,,,
529,RB Leipzig,,,,,,
530,Shakhtar Donetsk,,,,,,
531,Celtic,,,,,,
532,Real Madrid,,,,,,
533,Sevilla,,,,,,
534,Manchester City,,,,,,
535,Red Bull Salzburg,,,,,,
536,AC Milan,,,,,,
537,Eintracht Frankfurt,,,,,,
538,Sporting CP,,,,,,
539,Ajax,,,,,,
540,Tottenham,,,,,,
541,Marseille,,,,,,
542,Napoli,,,,,,
543,Liverpool,,,,,,
544,Inter,,,,,,
545,Bayern Munich,,,,,,
546,Barcelona,,,,,,
547,Atletico Madrid,,,,,,
548,FC Porto,,,,,,
549,Club Brugge KV,,,,,,
550,Bayer Leverkusen,,,,,,
551,Panevėžys,,,,,,
552,Hamrun Spartans,,,,,,
553,Dečić,,,,,,
554,UE Santa Coloma,,,,,,
555,Virtus,,,,,,
556,FCSB,,,,,,
557,Ordabasy,,,,,,
558,Petrocub,,,,,,
559,Flora Tallinn,,,,,,
560,Celje,,,,,,
561,Struga,,,,,,
562,Larne,,,,,,
563,FC Differdange 03,,,,,,
564,Dinamo Minsk,,,,,,
565,Borac Banja Luka,,,,,,
566,Egnatia Rrogozhinë,,,,,,
567,Jagiellonia,,,,,,
568,Apoel Nicosia,,,,,,
569,Maccabi Tel Aviv,,,,,,
570,FK Partizan,,,,,,
571,FC Lugano,,,,,,
572,Sparta Praha,,,,,,
573,PAOK,,,,,,
574,Lille,,,,,,
575,Twente,,,,,,
576,Slavia Praha,,,,,,
577,BSC Young Boys,,,,,,
578,Galatasaray,,,,,,
579,Aston Villa,,,,,,
580,VfB Stuttgart,,,,,,
581,Bologna,,,,,,
582,Girona,,,,,,
583,Feyenoord,,,,,,
584,Stade Brestois 29,,,,,,
585,Atalanta,,,,,,
586,Arsenal,,,,,,
